floy_id,pit_id,species,mussel_id
A,3DD.003C00D69C,QUHO,A-QUHO
A,,AMPL,A-AMPL
B,,AMPL,B-AMPL
C,,AMPL,C-AMPL
E,,AMPL,E-AMPL
F,,AMPL,F-AMPL
G,,AMPL,G-AMPL
G018G018,3D6.1D59584F00,QUHO,G018G018-QUHO
G035G035,3D6.1D59584EB4,QUHO,G035G035-QUHO
G045G045,,AMPL,G045G045-AMPL
G054G054,,AMPL,G054G054-AMPL
G055G055,,AMPL,G055G055-AMPL
G064G064,3D6.1D59584F0C,QUHO,G064G064-QUHO
G074G074,3D6.1D59584EF3,TOTE,G074G074-TOTE
G084G084,3D6.1D59584F04,TOTE,G084G084-TOTE
G094G094,3D6.1D59584EE9,QUHO,G094G094-QUHO
H,3D6.00188BD5E1,QUHO,H-QUHO
I,3D6.00188BD603,QUHO,I-QUHO
J,3D6.00188BD604,QUHO,J-QUHO
L,3D6.00188BD611,QUHO,L-QUHO
M,3D6.00188BD61E,QUHO,M-QUHO
M,,AMPL,M-AMPL
N,3D6.00188BD62F,QUHO,N-QUHO
N,,AMPL,N-AMPL
O000O001,,AMPL,O000O001-AMPL
O002O003,,AMPL,O002O003-AMPL
O004,3DD.003C07F863,QUHO,O004-QUHO
O010,3DD.003C07F838,QUHO,O010-QUHO
O011,,AMPL,O011-AMPL
O011,,AMPL,O011-AMPL
O011O022,,AMPL,O011O022-AMPL
O012O014,,AMPL,O012O014-AMPL
O013,3DD.003C07F840,QUHO,O013-QUHO
O023O024,,AMPL,O023O024-AMPL
O023O024,,AMPL,O023O024-AMPL
O023O024,,AMPL,O023O024-AMPL
P,,AMPL,P-AMPL
Q,,AMPL,Q-AMPL
R,,AMPL,R-AMPL
S,,AMPL,S-AMPL
T,,AMPL,T-AMPL
U,,AMPL,U-AMPL
V,,AMPL,V-AMPL
W,,AMPL,W-AMPL
W032,,AMPL,W032-AMPL
W090W094,,AMPL,W090W094-AMPL
W091W093,,AMPL,W091W093-AMPL
W092W095,,AMPL,W092W095-AMPL
W0966W098,,AMPL,W0966W098-AMPL
W096W098,,AMPL,W096W098-AMPL
W099W101,,AMPL,W099W101-AMPL
W102W105,,AMPL,W102W105-AMPL
W108W110,,AMPL,W108W110-AMPL
W109W111,,AMPL,W109W111-AMPL
W113W115,,AMPL,W113W115-AMPL
W116W119,,AMPL,W116W119-AMPL
W117W699,,AMPL,W117W699-AMPL
W120,,AMPL,W120-AMPL
W122W124,,AMPL,W122W124-AMPL
W123W126,,AMPL,W123W126-AMPL
W125W127,,AMPL,W125W127-AMPL
W128W130,,AMPL,W128W130-AMPL
W132W134,,AMPL,W132W134-AMPL
W133W135,,AMPL,W133W135-AMPL
W136W137,,AMPL,W136W137-AMPL
W138W139,,AMPL,W138W139-AMPL
W139,3D6.1D59306416,QUPE,W139-QUPE
W140W143,,AMPL,W140W143-AMPL
W141W145,,AMPL,W141W145-AMPL
W144,,AMPL,W144-AMPL
W146,,AMPL,W146-AMPL
W149,3D6.1D5930642F,QUPE,W149-QUPE
W149W156W160,,AMPL,W149W156W160-AMPL
W153W155,,AMPL,W153W155-AMPL
W149W156W160,,AMPL,W149W156W160-AMPL
W157W158,,AMPL,W157W158-AMPL
W159,3D6.1D59306440,QUPE,W159-QUPE
W162W163,,AMPL,W162W163-AMPL
W165,,AMPL,W165-AMPL
W167W169,,AMPL,W167W169-AMPL
W169,3D6.1D5930641E,QUHO,W169-QUHO
W170W173,,AMPL,W170W173-AMPL
W171,3D6.1D5930640E,QUPE,W171-QUPE
W171W172,,AMPL,W171W172-AMPL
W172,3D6.1D59306437,QUPE,W172-QUPE
W173,3D6.1D59306431,QUPE,W173-QUPE
W174,3D6.1D5930641F,QUPE,W174-QUPE
W174W178,,AMPL,W174W178-AMPL
W175,3D6.1D59306411,QUPE,W175-QUPE
W175W176,,AMPL,W175W176-AMPL
W177,3D6.1D593063FE,QUPE,W177-QUPE
W177,3DD.003C023111,QUPE,W177-QUPE
W177W179,,AMPL,W177W179-AMPL
W178,3D6.1D59306414,QUPE,W178-QUPE
W179,3D6.1D593063E7,QUHO,W179-QUHO
W180W182,,AMPL,W180W182-AMPL
W181W185,,AMPL,W181W185-AMPL
W184W186,,AMPL,W184W186-AMPL
W187W188,,AMPL,W187W188-AMPL
W189,3D6.1D59306413,QUHO,W189-QUHO
W189W191,,AMPL,W189W191-AMPL
W193W194,,AMPL,W193W194-AMPL
W195W198,,AMPL,W195W198-AMPL
W196W197,,AMPL,W196W197-AMPL
W199W201,,AMPL,W199W201-AMPL
W200,3D6.1D5930643E,QUPE,W200-QUPE
W200W648,,AMPL,W200W648-AMPL
W201,3D6.1D59306412,QUHO,W201-QUHO
W202,3D6.1D5930643A,QUHO,W202-QUHO
W203,3D6.1D59306405,QUHO,W203-QUHO
W203W204,,AMPL,W203W204-AMPL
W204,3D6.1D5930640D,QUHO,W204-QUHO
W205,3D6.1D59306426,QUHO,W205-QUHO
W205W206,,AMPL,W205W206-AMPL
W206,3D6.1D5930642A,QUPE,W206-QUPE
W207,3D6.1D59306436,QUHO,W207-QUHO
W207W209,,AMPL,W207W209-AMPL
W208W211,,AMPL,W208W211-AMPL
W209,3D6.1D593063FB,TRMA,W209-TRMA
W210,3D6.1D5930642B,QUHO,W210-QUHO
W210W212,,AMPL,W210W212-AMPL
W211,3D6.1D59306439,QUHO,W211-QUHO
W212,3D6.1D59306429,QUHO,W212-QUHO
W213,3D6.1D59306421,QUHO,W213-QUHO
W213,3D6.1D59306420,QUHO,W213-QUHO
W213W646,,AMPL,W213W646-AMPL
W214,3D6.1D593063F1,QUHO,W214-QUHO
W214W216,,AMPL,W214W216-AMPL
W215,3D6.1D593063EA,QUHO,W215-QUHO
W215W218,,AMPL,W215W218-AMPL
W216,3D6.1D593063E9,QUHO,W216-QUHO
W217,3D6.1D593063DE,QUHO,W217-QUHO
W219,3D6.1D593063F8,QUHO,W219-QUHO
W219W698,,AMPL,W219W698-AMPL
W220,3D6.1D593063F6,QUHO,W220-QUHO
W221,3D6.1D59306434,QUHO,W221-QUHO
W222,3D6.1D593063EB,QUHO,W222-QUHO
W223,3D6.1D593063F2,QUHO,W223-QUHO
W223W225,,AMPL,W223W225-AMPL
W224,3D6.1D5930641B,QUHO,W224-QUHO
W224W227,,AMPL,W224W227-AMPL
W225,3D6.1D59306428,QUHO,W225-QUHO
W226,3D6.00188BD603,QUHO,W226-QUHO
W226W228,,AMPL,W226W228-AMPL
W227,3D6.1D593063DD,QUHO,W227-QUHO
W226W228,,AMPL,W226W228-AMPL
W229W911,,AMPL,W229W911-AMPL
W229W911,,AMPL,W229W911-AMPL
W230,3D6.1D593063E0,QUPE,W230-QUPE
W230W232,,AMPL,W230W232-AMPL
W231,3D6.1D59306438,QUHO,W231-QUHO
W230W232,,AMPL,W230W232-AMPL
W233W234,,AMPL,W233W234-AMPL
W235W236,,AMPL,W235W236-AMPL
W236,3D6.1D59306409,QUHO,W236-QUHO
W237W240,,AMPL,W237W240-AMPL
W238W241,,AMPL,W238W241-AMPL
W239W242,,AMPL,W239W242-AMPL
W243W246,,AMPL,W243W246-AMPL
W244W247,,AMPL,W244W247-AMPL
W245W248,,AMPL,W245W248-AMPL
W250W251,,AMPL,W250W251-AMPL
W252W254,,AMPL,W252W254-AMPL
W258W260,,AMPL,W258W260-AMPL
W261W263,,AMPL,W261W263-AMPL
W262W264,,AMPL,W262W264-AMPL
W265W266,,AMPL,W265W266-AMPL
W267W269,,AMPL,W267W269-AMPL
W268W270,,AMPL,W268W270-AMPL
W274W276,,AMPL,W274W276-AMPL
W275,,AMPL,W275-AMPL
W278W281,,AMPL,W278W281-AMPL
W279W277,,AMPL,W279W277-AMPL
W280W283,,AMPL,W280W283-AMPL
W285W290,,AMPL,W285W290-AMPL
W287W289,,AMPL,W287W289-AMPL
W292W294,,AMPL,W292W294-AMPL
W301,3D6.1D5930641D,QUPE,W301-QUPE
W301,3DD.003C0230F9,QUPE,W301-QUPE
W302,,AMPL,W302-AMPL
W303,,AMPL,W303-AMPL
W304,,AMPL,W304-AMPL
W305,,AMPL,W305-AMPL
W306,,AMPL,W306-AMPL
W307,3D6.1D5930640F,QUHO,W307-QUHO
W308,3D6.1D593063E8,QUHO,W308-QUHO
W309,3D6.00188BD60B,QUHO,W309-QUHO
W310,,AMPL,W310-AMPL
W312,,AMPL,W312-AMPL
W313,,AMPL,W313-AMPL
W315,,AMPL,W315-AMPL
W316,,AMPL,W316-AMPL
W317,3D6.1D593063E6,QUHO,W317-QUHO
W318,3D6.1D593063E4,QUPE,W318-QUPE
W319,,AMPL,W319-AMPL
W320,,AMPL,W320-AMPL
W321,,AMPL,W321-AMPL
W322,,AMPL,W322-AMPL
W323,,AMPL,W323-AMPL
W324,,AMPL,W324-AMPL
W325,,AMPL,W325-AMPL
W327,3D6.1D593063FF,QUPE,W327-QUPE
W327,,AMPL,W327-AMPL
W328,3D6.1D5930642D,QUHO,W328-QUHO
W329,,AMPL,W329-AMPL
W331,,AMPL,W331-AMPL
W332,,AMPL,W332-AMPL
W336,3D6.1D593063FD,QUPE,W336-QUPE
W337,3D6.1D5930643B,QUHO,W337-QUHO
W338,3D6.1D59306422,QUHO,W338-QUHO
W339,,AMPL,W339-AMPL
W340,,AMPL,W340-AMPL
W342,,AMPL,W342-AMPL
W343,,AMPL,W343-AMPL
W344,,AMPL,W344-AMPL
W346,3D6.1D5930641A,QUHO,W346-QUHO
W347,3D6.1D59306425,QUPE,W347-QUPE
W348,3D6.1D59306415,QUHO,W348-QUHO
W351,,AMPL,W351-AMPL
W353,,AMPL,W353-AMPL
W354,3D6.1D5930643D,QUHO,W354-QUHO
W354,,AMPL,W354-AMPL
W355,,AMPL,W355-AMPL
W356,3D6.1D593063EE,QUHO,W356-QUHO
W357,3D6.1D5930641C,QUHO,W357-QUHO
W358,3D6.1D5930643F,QUHO,W358-QUHO
W362,,AMPL,W362-AMPL
W364,,AMPL,W364-AMPL
W366,3D6.1D59306435,QUPE,W366-QUPE
W367,3D6.1D5930640C,QUHO,W367-QUHO
W368,3D6.1D59306424,QUHO,W368-QUHO
W369,,AMPL,W369-AMPL
W370,,AMPL,W370-AMPL
W372,,AMPL,W372-AMPL
W374,,AMPL,W374-AMPL
W375,,AMPL,W375-AMPL
W376,3D6.1D59306423,QUPE,W376-QUPE
W377,3D6.1D59306427,QUPE,W377-QUPE
W378,3D6.1D59306401,QUPE,W378-QUPE
W379,,AMPL,W379-AMPL
W381,,AMPL,W381-AMPL
W383,,AMPL,W383-AMPL
W384,,AMPL,W384-AMPL
W385,,AMPL,W385-AMPL
W386,3D6.1D593063F3,QUHO,W386-QUHO
W386W388,,AMPL,W386W388-AMPL
W387,3D6.1D59306406,QUHO,W387-QUHO
W389,,AMPL,W389-AMPL
W390,,AMPL,W390-AMPL
W391,,AMPL,W391-AMPL
W392W393,,AMPL,W392W393-AMPL
W392W393,,AMPL,W392W393-AMPL
W394,,AMPL,W394-AMPL
W395,,AMPL,W395-AMPL
W396,3D6.1D59306403,QUPE,W396-QUPE
W396W397,,AMPL,W396W397-AMPL
W397,3D6.1D593063EC,QUHO,W397-QUHO
W398,3D6.1D593063E3,QUHO,W398-QUHO
W398W399,,AMPL,W398W399-AMPL
W398W399,,AMPL,W398W399-AMPL
W400W401,,AMPL,W400W401-AMPL
W400W401,,AMPL,W400W401-AMPL
W402W405,,AMPL,W402W405-AMPL
W403,,AMPL,W403-AMPL
W404,,AMPL,W404-AMPL
W402W405,,AMPL,W402W405-AMPL
W406W408,,AMPL,W406W408-AMPL
W407W409,,AMPL,W407W409-AMPL
W407W409,,AMPL,W407W409-AMPL
W410W941,,AMPL,W410W941-AMPL
W410W941,,AMPL,W410W941-AMPL
W411,3DD.003C023112,QUHO,W411-QUHO
W412,3DD.003C02310D,QUHO,W412-QUHO
W412W413,,AMPL,W412W413-AMPL
W413,3DD.003C0230FD,QUHO,W413-QUHO
W414W415,,AMPL,W414W415-AMPL
W416W417,,AMPL,W416W417-AMPL
W418,3DD.003C0230D0,QUHO,W418-QUHO
W418W419,,AMPL,W418W419-AMPL
W419,3DD.003C026433,QUHO,W419-QUHO
W420,3DD.003C026BF5,QUPE,W420-QUPE
W420W421,,AMPL,W420W421-AMPL
W421,3DD.003C023109,QUPE,W421-QUPE
W422,3DD.003C023115,QUHO,W422-QUHO
W422W423,,AMPL,W422W423-AMPL
W423,3DD.003C0230FA,QUHO,W423-QUHO
W424W425,,AMPL,W424W425-AMPL
W427,3DD.003C07F847,QUPE,W427-QUPE
W427,,AMPL,W427-AMPL
W428W431,,AMPL,W428W431-AMPL
W429W430,,AMPL,W429W430-AMPL
W429W430,,AMPL,W429W430-AMPL
W430,3DD.003C023108,QUHO,W430-QUHO
W431,3DD.003C02311B,QUPE,W431-QUPE
W432,3DD.003C0230DF,QUPE,W432-QUPE
W432W433,,AMPL,W432W433-AMPL
W433,3DD.003C023118,QUHO,W433-QUHO
W438,3DD.003C07F870,QUHO,W438-QUHO
W440,3DD.003C023107,QUPE,W440-QUPE
W441,3DD.003C023114,QUHO,W441-QUHO
W442,3DD.003C02310B,QUHO,W442-QUHO
W450W451,,AMPL,W450W451-AMPL
W450W451,,AMPL,W450W451-AMPL
W451,3DD.003C023103,QUHO,W451-QUHO
W452,3DD.003C0230F6,QUPE,W452-QUPE
W452W453,,AMPL,W452W453-AMPL
W454W455,,AMPL,W454W455-AMPL
W456,3DD.003C07F83B,QUHO,W456-QUHO
W456W457,,AMPL,W456W457-AMPL
W458W459W675,,AMPL,W458W459W675-AMPL
W458W459W675,,AMPL,W458W459W675-AMPL
W458W459W675,,AMPL,W458W459W675-AMPL
W458W459W675,,AMPL,W458W459W675-AMPL
W460,3DD.003C02310E,QUPE,W460-QUPE
W461,3DD.003C02311A,QUHO,W461-QUHO
W462,3DD.003C026417,QUHO,W462-QUHO
W462W463,,AMPL,W462W463-AMPL
W466W467,,AMPL,W466W467-AMPL
W468W469,,AMPL,W468W469-AMPL
W470,3DD.003C02310C,QUHO,W470-QUHO
W470W471,,AMPL,W470W471-AMPL
W471,3DD.003C023116,QUHO,W471-QUHO
W472W473,,AMPL,W472W473-AMPL
W472W473,,AMPL,W472W473-AMPL
W472W473,,AMPL,W472W473-AMPL
W474W475,,AMPL,W474W475-AMPL
W474W475,,AMPL,W474W475-AMPL
W475,3DD.003C07F871,QUHO,W475-QUHO
W476W477,,AMPL,W476W477-AMPL
W478W479,,AMPL,W478W479-AMPL
W480,3DD.003C0230F0,QUPE,W480-QUPE
W481,3DD.003C023113,QUHO,W481-QUHO
W484W485,,AMPL,W484W485-AMPL
W486W487,,AMPL,W486W487-AMPL
W490,3DD.003C0230E6,QUHO,W490-QUHO
W491,3DD.003C0230F2,QUHO,W491-QUHO
W491,,AMPL,W491-AMPL
W492W493,,AMPL,W492W493-AMPL
W495,,AMPL,W495-AMPL
W496W497,,AMPL,W496W497-AMPL
W498W499,,AMPL,W498W499-AMPL
W500W501,,AMPL,W500W501-AMPL
W500W501,,AMPL,W500W501-AMPL
W502W503,,AMPL,W502W503-AMPL
W504,,AMPL,W504-AMPL
W510,,AMPL,W510-AMPL
W512W513,,AMPL,W512W513-AMPL
W516W517,,AMPL,W516W517-AMPL
W518W519W579W587W619,,AMPL,W518W519W579W587W619-AMPL
W520,,AMPL,W520-AMPL
W522W523,,AMPL,W522W523-AMPL
W524W525,,AMPL,W524W525-AMPL
W528W529,,AMPL,W528W529-AMPL
W530W531,,AMPL,W530W531-AMPL
W530W531,,AMPL,W530W531-AMPL
W532W533,,AMPL,W532W533-AMPL
W534W535,,AMPL,W534W535-AMPL
W536W537,,AMPL,W536W537-AMPL
W538W539,,AMPL,W538W539-AMPL
W540,,AMPL,W540-AMPL
W540W541,,AMPL,W540W541-AMPL
W542W543,,AMPL,W542W543-AMPL
W544W918,,AMPL,W544W918-AMPL
W546W547,,AMPL,W546W547-AMPL
W546W547,,AMPL,W546W547-AMPL
W552W553,,AMPL,W552W553-AMPL
W554W555,,AMPL,W554W555-AMPL
W554W555,,AMPL,W554W555-AMPL
W556W557,,AMPL,W556W557-AMPL
W558W559,,AMPL,W558W559-AMPL
W558W559,,AMPL,W558W559-AMPL
W560W561,,AMPL,W560W561-AMPL
W560W561,,AMPL,W560W561-AMPL
W562W576,,AMPL,W562W576-AMPL
W567W568,,AMPL,W567W568-AMPL
W569W570,,AMPL,W569W570-AMPL
W569W570,,AMPL,W569W570-AMPL
W571W573,,AMPL,W571W573-AMPL
W574W575,,AMPL,W574W575-AMPL
W518W519W579W587W619,,AMPL,W518W519W579W587W619-AMPL
W518W519W579W587W619,,AMPL,W518W519W579W587W619-AMPL
W518W519W579W587W619,,AMPL,W518W519W579W587W619-AMPL
W580,,AMPL,W580-AMPL
W584W585,,AMPL,W584W585-AMPL
W589W590,,AMPL,W589W590-AMPL
W591W592,,AMPL,W591W592-AMPL
W593W594,,AMPL,W593W594-AMPL
W596,,AMPL,W596-AMPL
W597W598,,AMPL,W597W598-AMPL
W599W700,,AMPL,W599W700-AMPL
W600W601,,AMPL,W600W601-AMPL
W602,,AMPL,W602-AMPL
W603W604,,AMPL,W603W604-AMPL
W605W606,,AMPL,W605W606-AMPL
W609W610,,AMPL,W609W610-AMPL
W609W610,,AMPL,W609W610-AMPL
W611W612,,AMPL,W611W612-AMPL
W611W612,,AMPL,W611W612-AMPL
W615W616,,AMPL,W615W616-AMPL
W621W622,,AMPL,W621W622-AMPL
W625W626,,AMPL,W625W626-AMPL
W627W628,,AMPL,W627W628-AMPL
W629W630,,AMPL,W629W630-AMPL
W631W632,,AMPL,W631W632-AMPL
W633W634,,AMPL,W633W634-AMPL
W635W636,,AMPL,W635W636-AMPL
W637W638,,AMPL,W637W638-AMPL
W639W640,,AMPL,W639W640-AMPL
W641,,AMPL,W641-AMPL
W641,,AMPL,W641-AMPL
W643W645,,AMPL,W643W645-AMPL
W649W551,,AMPL,W649W551-AMPL
W650W651,,AMPL,W650W651-AMPL
W652W653,,AMPL,W652W653-AMPL
W654W655,,AMPL,W654W655-AMPL
W656W657W658W659,,AMPL,W656W657W658W659-AMPL
W656W657W658W659,,AMPL,W656W657W658W659-AMPL
W656W657W658W659,,AMPL,W656W657W658W659-AMPL
W656W657W658W659,,AMPL,W656W657W658W659-AMPL
W660W661,,AMPL,W660W661-AMPL
W661W671,,CYTA,W661W671-CYTA
W662W665W672,,AMPL,W662W665W672-AMPL
W662W665W672,,AMPL,W662W665W672-AMPL
W662W665W672,,AMPL,W662W665W672-AMPL
W662W665W672,,AMPL,W662W665W672-AMPL
W662W665W672,,AMPL,W662W665W672-AMPL
W676W695,,CYTA,W676W695-CYTA
W481W681W691,,AMPL,W481W681W691-AMPL
W682,3DD.003C07F860,QUHO,W682-QUHO
W481W681W691,,AMPL,W481W681W691-AMPL
W695,,AMPL,W695-AMPL
W710W624,,AMPL,W710W624-AMPL
W711W712,,AMPL,W711W712-AMPL
W713W714,,AMPL,W713W714-AMPL
W715W716,,AMPL,W715W716-AMPL
W717W720,,AMPL,W717W720-AMPL
W718W719,,AMPL,W718W719-AMPL
W723W724,,AMPL,W723W724-AMPL
W729,,AMPL,W729-AMPL
W731,,AMPL,W731-AMPL
W732,,AMPL,W732-AMPL
W733,,AMPL,W733-AMPL
W743,,AMPL,W743-AMPL
W744,,AMPL,W744-AMPL
W745,,AMPL,W745-AMPL
W747,,AMPL,W747-AMPL
W748,,AMPL,W748-AMPL
W758,,AMPL,W758-AMPL
W759,,AMPL,W759-AMPL
W760,,AMPL,W760-AMPL
W761,,AMPL,W761-AMPL
W762,,AMPL,W762-AMPL
W763,,AMPL,W763-AMPL
W764,,AMPL,W764-AMPL
W784W795,,AMPL,W784W795-AMPL
W790,,AMPL,W790-AMPL
W791W792,,AMPL,W791W792-AMPL
W793W794,,AMPL,W793W794-AMPL
W796W797,,AMPL,W796W797-AMPL
W798W799,,AMPL,W798W799-AMPL
W810,,AMPL,W810-AMPL
W820,,AMPL,W820-AMPL
W830,,AMPL,W830-AMPL
W831,,AMPL,W831-AMPL
W840,,AMPL,W840-AMPL
W841W842,,AMPL,W841W842-AMPL
W843W844,,AMPL,W843W844-AMPL
W845W846,,AMPL,W845W846-AMPL
W847W848,,AMPL,W847W848-AMPL
W849W850,,AMPL,W849W850-AMPL
W849W850,,AMPL,W849W850-AMPL
W851W852,,AMPL,W851W852-AMPL
W851W852,,AMPL,W851W852-AMPL
W855W856,,AMPL,W855W856-AMPL
W861,,AMPL,W861-AMPL
W867,,AMPL,W867-AMPL
W871,,AMPL,W871-AMPL
W877,,AMPL,W877-AMPL
W880,,AMPL,W880-AMPL
W881,,AMPL,W881-AMPL
W882,,AMPL,W882-AMPL
W883,,AMPL,W883-AMPL
W884,,AMPL,W884-AMPL
W885,,AMPL,W885-AMPL
W886,,AMPL,W886-AMPL
W890,,AMPL,W890-AMPL
W900W902,,AMPL,W900W902-AMPL
W903W904,,AMPL,W903W904-AMPL
W906W907,,AMPL,W906W907-AMPL
W908,,AMPL,W908-AMPL
W910W912,,AMPL,W910W912-AMPL
W913W922,,AMPL,W913W922-AMPL
W914W915,,AMPL,W914W915-AMPL
W916W917,,AMPL,W916W917-AMPL
W919W920,,AMPL,W919W920-AMPL
W923W924,,AMPL,W923W924-AMPL
W925W926,,AMPL,W925W926-AMPL
W721W935,,AMPL,W721W935-AMPL
W939W940,,AMPL,W939W940-AMPL
W942W943,,AMPL,W942W943-AMPL
W946W947,,AMPL,W946W947-AMPL
W948W949,,AMPL,W948W949-AMPL
W950W951,,AMPL,W950W951-AMPL
W952W953,,AMPL,W952W953-AMPL
W954W955,,AMPL,W954W955-AMPL
W956W957,,AMPL,W956W957-AMPL
W958W959,,AMPL,W958W959-AMPL
W960W961,,AMPL,W960W961-AMPL
W962W963,,AMPL,W962W963-AMPL
W964W965,,AMPL,W964W965-AMPL
W966W967,,AMPL,W966W967-AMPL
W968W969,,AMPL,W968W969-AMPL
W970,,AMPL,W970-AMPL
W971,,AMPL,W971-AMPL
W975W976,,AMPL,W975W976-AMPL
W977W978,,AMPL,W977W978-AMPL
W979W980,,AMPL,W979W980-AMPL
W981W489,,AMPL,W981W489-AMPL
W982W983,,AMPL,W982W983-AMPL
W984W985,,AMPL,W984W985-AMPL
W990W991,,AMPL,W990W991-AMPL
X,,AMPL,X-AMPL
Y,,AMPL,Y-AMPL
Y000Y001Y045,3DD.003C0032BF,QUHO,Y000Y001Y045-QUHO
Y000Y001Y045,3DD.003C0032CA,QUHO,Y000Y001Y045-QUHO
Y002Y014,3DD.003C003298,QUHO,Y002Y014-QUHO
Y002Y014,3DD.003C07F8B6,QUHO,Y002Y014-QUHO
Y003Y013,3DD.003C00328E,QUHO,Y003Y013-QUHO
Y003Y013,3D6.1D593063F9,QUHO,Y003Y013-QUHO
Y003Y013,3DD.003C07F8B4,QUHO,Y003Y013-QUHO
Y004,3DD.003C0032B5,QUHO,Y004-QUHO
Y004Y005,,AMPL,Y004Y005-AMPL
Y004Y005,,AMPL,Y004Y005-AMPL
Y005,3DD.003C0032A1,QUHO,Y005-QUHO
Y006,3DD.003C003297,QUHO,Y006-QUHO
Y006Y009,3DD.003C07F8CB,QUPE,Y006Y009-QUPE
Y007,3DD.003C0032B3,QUHO,Y007-QUHO
Y007Y008,,AMPL,Y007Y008-AMPL
Y007Y008,,AMPL,Y007Y008-AMPL
Y008,3DD.003C003272,QUHO,Y008-QUHO
Y009,3DD.003C003274,QUHO,Y009-QUHO
Y009,3DD.003C00D694,QUHO,Y009-QUHO
Y010,3DD.003C0032AC,QUHO,Y010-QUHO
Y011,3DD.003C003283,QUHO,Y011-QUHO
Y011Y010,,AMPL,Y011Y010-AMPL
Y011Y010,,AMPL,Y011Y010-AMPL
Y012,3DD.003C0032BE,QUHO,Y012-QUHO
Y003Y013,3DD.003C0032A0,QUHO,Y003Y013-QUHO
Y002Y014,3DD.003C0032AF,QUHO,Y002Y014-QUHO
Y015,3DD.003C00328F,QUHO,Y015-QUHO
Y015Y016,,AMPL,Y015Y016-AMPL
Y015Y016,,AMPL,Y015Y016-AMPL
Y015Y016,,AMPL,Y015Y016-AMPL
Y016,3DD.003C0032A4,QUHO,Y016-QUHO
Y017,3DD.003C003270,QUHO,Y017-QUHO
Y017Y018,,AMPL,Y017Y018-AMPL
Y017Y018,,AMPL,Y017Y018-AMPL
Y018,3DD.003C0032AD,QUHO,Y018-QUHO
Y018,3D6.00188BD5F2,QUHO,Y018-QUHO
Y018,3D6.1D593063ED,QUHO,Y018-QUHO
Y019,3DD.003C003276,QUHO,Y019-QUHO
Y019Y029,,AMPL,Y019Y029-AMPL
Y019Y029,,AMPL,Y019Y029-AMPL
Y020,3DD.003C0032A9,QUHO,Y020-QUHO
Y020Y021,,AMPL,Y020Y021-AMPL
Y020Y021,,AMPL,Y020Y021-AMPL
Y020Y021,,AMPL,Y020Y021-AMPL
Y021,3DD.003C0032B8,QUHO,Y021-QUHO
Y022,3DD.003C003277,QUHO,Y022-QUHO
Y022,3D6.1D5930640B,QUHO,Y022-QUHO
Y022Y030,,AMPL,Y022Y030-AMPL
Y022Y030,,AMPL,Y022Y030-AMPL
Y023Y024,3DD.003C0032CD,QUHO,Y023Y024-QUHO
Y023Y024,3DD.003C07F87B,QUHO,Y023Y024-QUHO
Y024,3DD.003C003291,QUHO,Y024-QUHO
Y024,3DD.003C07F883,QUHO,Y024-QUHO
Y025,3DD.003C0032C1,QUHO,Y025-QUHO
Y025,3D6.1D59306400,QUHO,Y025-QUHO
Y025,3D6.1D59584EB3,QUHO,Y025-QUHO
Y026,3DD.003C0032AB,QUHO,Y026-QUHO
Y027,3DD.003C0032B2,QUHO,Y027-QUHO
Y028,3DD.003C00327E,QUHO,Y028-QUHO
Y029,3DD.003C0032A8,QUHO,Y029-QUHO
Y030,3DD.003C00327F,QUHO,Y030-QUHO
Y031,3DD.003C003299,QUHO,Y031-QUHO
Y031Y032,,AMPL,Y031Y032-AMPL
Y031Y032,,AMPL,Y031Y032-AMPL
Y033,3DD.003C0032AA,QUHO,Y033-QUHO
Y033Y025,3DD.003C07F85C,QUHO,Y033Y025-QUHO
Y034,3DD.003C00328A,QUHO,Y034-QUHO
Y034Y026,3DD.003D2D2DF5,QUHO,Y034Y026-QUHO
Y035,3DD.003C0032A2,QUHO,Y035-QUHO
Y036,3DD.003C00326C,QUHO,Y036-QUHO
Y037,3DD.003C003295,QUHO,Y037-QUHO
Y038,3DD.003C003287,QUHO,Y038-QUHO
Y039,3DD.003C003280,QUHO,Y039-QUHO
Y040,3DD.003C003282,QUHO,Y040-QUHO
Y040Y041,,AMPL,Y040Y041-AMPL
Y040Y041,,AMPL,Y040Y041-AMPL
Y041,3DD.003C003284,QUHO,Y041-QUHO
Y042,3DD.003C003281,QUHO,Y042-QUHO
Y042Y012,3DD.003C07F8D7,QUPE,Y042Y012-QUPE
Y043,3DD.003C00328B,QUHO,Y043-QUHO
Y043,3D6.00188BD5F1,QUHO,Y043-QUHO
Y044,3DD.003C00327C,QUHO,Y044-QUHO
Y000Y001Y045,3DD.003C003271,QUHO,Y000Y001Y045-QUHO
Y000Y001Y045,3DD.003C003271,QUHO,Y000Y001Y045-QUHO
Y046,3DD.003C0032BD,QUHO,Y046-QUHO
Y047,3DD.003C003273,QUHO,Y047-QUHO
Y048,3DD.003C0032C7,QUHO,Y048-QUHO
Y049,3DD.003C00329D,QUHO,Y049-QUHO
Y050,3DD.003C0032B9,QUHO,Y050-QUHO
Y051,3DD.003C0032A3,QUPE,Y051-QUPE
Y051,3D6.00188BD60A,QUPE,Y051-QUPE
Y052,3DD.003C00328D,QUHO,Y052-QUHO
Y053,3DD.003C00329B,QUPE,Y053-QUPE
Y054,3DD.003C0032BA,QUPE,Y054-QUPE
Y054,3DD.003C00D67E,QUPE,Y054-QUPE
Y055,3DD.003C0032B4,QUHO,Y055-QUHO
Y056,3DD.003C0032B1,QUPE,Y056-QUPE
Y057,3DD.003C0032C9,QUPE,Y057-QUPE
Y058,3DD.003C00326E,QUPE,Y058-QUPE
Y059,3DD.003C0032B0,QUHO,Y059-QUHO
Y060,3DD.003C0032A7,QUPE,Y060-QUPE
Y061,3DD.003C003290,QUPE,Y061-QUPE
Y061,3DD.003C00D6BC,QUPE,Y061-QUPE
Y062,3DD.003C0032AE,QUPE,Y062-QUPE
Y063,3DD.003C00327B,QUPE,Y063-QUPE
Y064,3DD.003C0032C3,QUPE,Y064-QUPE
Y065,3DD.003C0032C8,QUPE,Y065-QUPE
Y066,3DD.003C0032C4,QUPE,Y066-QUPE
Y066,3D6.00188BD63B,QUPE,Y066-QUPE
Y067,3DD.003C0032A5,QUPE,Y067-QUPE
Y068,3D6.001879B7D5,QUPE,Y068-QUPE
Y069,3DD.003C003294,QUPE,Y069-QUPE
Y070,3DD.003C00326F,QUPE,Y070-QUPE
Y071,3DD.003C0032C2,QUPE,Y071-QUPE
Y072,3DD.003C00329C,QUHO,Y072-QUHO
Y073,3DD.003C003278,QUPE,Y073-QUPE
Y074,3D6.001879B812,TRMA,Y074-TRMA
Y075,3D6.001879B7ED,TRMA,Y075-TRMA
Y085,3D6.00188BD615,QUHO,Y085-QUHO
Y100Y110,3DD.003D2D2DEB,QUHO,Y100Y110-QUHO
Y101Y102,3DD.003D2D2DE2,QUHO,Y101Y102-QUHO
Y168Y188,3DD.003D2D2DBC,QUHO,Y168Y188-QUHO
Y189Y197,3DD.003D2D2DF8,QUHO,Y189Y197-QUHO
Y198,3D6.001879B7D1,TRMA,Y198-TRMA
Y198Y199,3DD.003D2D2DED,QUHO,Y198Y199-QUHO
Y295,3D6.001879B7CC,TRMA,Y295-TRMA
Y296,3D6.001879B7F9,TRMA,Y296-TRMA
Y297,3D6.001879B7F8,TRMA,Y297-TRMA
Y299,3DD.003C0032C6,QUHO,Y299-QUHO
Y300,3DD.003C00329A,QUHO,Y300-QUHO
Y301,3DD.003C0032CC,QUHO,Y301-QUHO
Y302,3DD.003C003296,QUHO,Y302-QUHO
Y303,3DD.003C0032C0,QUHO,Y303-QUHO
Y304,3DD.003C00329E,QUHO,Y304-QUHO
Y305,3DD.003C0032A6,QUHO,Y305-QUHO
Y306,3DD.003C00327D,QUHO,Y306-QUHO
Y307,3DD.003C00329F,QUHO,Y307-QUHO
Y307,3D6.1D59306432,QUHO,Y307-QUHO
Y308,3DD.003C0032BB,QUHO,Y308-QUHO
Y309,3DD.003C003292,QUHO,Y309-QUHO
Y310,3DD.003C0032BC,QUHO,Y310-QUHO
Y311,3DD.003C00326D,QUHO,Y311-QUHO
Y312,3DD.003C0032C5,QUHO,Y312-QUHO
Y313,3DD.003C0032B6,QUHO,Y313-QUHO
Y314,3DD.003C003285,QUHO,Y314-QUHO
Y315,3DD.003C003286,QUHO,Y315-QUHO
Y316,3DD.003C00327A,QUHO,Y316-QUHO
Y317,3DD.003C00326A,QUHO,Y317-QUHO
Y318,3DD.003C003293,QUHO,Y318-QUHO
Y318,3D6.00188BD5FF,QUHO,Y318-QUHO
Y319,3DD.003C003288,QUHO,Y319-QUHO
Y320,3DD.003C003275,QUHO,Y320-QUHO
Y321,3DD.003C003279,QUHO,Y321-QUHO
Y321,3D6.1D593063DF,QUHO,Y321-QUHO
Y322,3D6.001879B7EC,QUPE,Y322-QUPE
Y322,3D6.1D59306419,QUPE,Y322-QUPE
Y323,3DD.003C003289,QUHO,Y323-QUHO
Y323,3D6.1D593063EF,QUHO,Y323-QUHO
Y324,3D6.001879B7DD,QUHO,Y324-QUHO
Y325,3D6.001879B7DF,QUHO,Y325-QUHO
Y326,3D6.001879B82B,QUHO,Y326-QUHO
Y327,3D6.001879B7E3,QUHO,Y327-QUHO
Y328,3D6.001879B810,QUHO,Y328-QUHO
Y329,3D6.001879B7CD,QUHO,Y329-QUHO
Y330,3D6.001879B7E4,QUHO,Y330-QUHO
Y331,3D6.001879B813,QUHO,Y331-QUHO
Y332,3D6.001879B809,QUPE,Y332-QUPE
Y332,3DD.003C0230EF,QUPE,Y332-QUPE
Y333,3D6.001879B7E1,QUHO,Y333-QUHO
Y334,3D6.001879B81F,QUPE,Y334-QUPE
Y334,3D6.00188BD640,QUPE,Y334-QUPE
Y335,3D6.001879B829,QUPE,Y335-QUPE
Y335,3D6.00188BD60F,QUPE,Y335-QUPE
Y336,3D6.001879B82D,QUPE,Y336-QUPE
Y337,3D6.001879B7E5,QUPE,Y337-QUPE
Y338,3D6.001879B821,QUPE,Y338-QUPE
Y338,3DD.003C00D6AF,QUPE,Y338-QUPE
Y339,3D6.001879B7FA,QUPE,Y339-QUPE
Y340,3D6.001879B820,QUPE,Y340-QUPE
Y340,3D6.1D59306418,QUPE,Y340-QUPE
Y341,3D6.001879B7DC,QUPE,Y341-QUPE
Y342,3D6.001879B826,QUPE,Y342-QUPE
Y343,3D6.001879B7F7,QUPE,Y343-QUPE
Y343,3D6.1D5930643C,QUPE,Y343-QUPE
Y344,3D6.001879B7D4,QUPE,Y344-QUPE
Y345,3D6.001879B7E6,QUPE,Y345-QUPE
Y346,3D6.001879B803,QUPE,Y346-QUPE
Y347,3D6.001879B81A,QUPE,Y347-QUPE
Y348,3D6.001879B80D,QUPE,Y348-QUPE
Y348,3DD.003C023119,QUPE,Y348-QUPE
Y349,3D6.001879B82A,QUPE,Y349-QUPE
Y350,3D6.001879B7D0,QUHO,Y350-QUHO
Y351,3D6.001879B7FB,QUHO,Y351-QUHO
Y352,3D6.001879B7EF,QUHO,Y352-QUHO
Y353,3D6.001879B819,QUHO,Y353-QUHO
Y354,3D6.001879B7E7,QUHO,Y354-QUHO
Y355,3D6.001879B7F3,QUHO,Y355-QUHO
Y356,3D6.001879B7EA,QUHO,Y356-QUHO
Y357,3D6.001879B7FF,QUHO,Y357-QUHO
Y357,3D6.1D59306402,QUHO,Y357-QUHO
Y358,3D6.001879B814,QUHO,Y358-QUHO
Y358,3DD.003C00D6A0,QUHO,Y358-QUHO
Y359,3D6.001879B804,QUHO,Y359-QUHO
Y360,3D6.001879B822,QUHO,Y360-QUHO
Y361,3D6.001879B805,QUHO,Y361-QUHO
Y362,3D6.001879B7E9,QUHO,Y362-QUHO
Y363,3D6.001879B7D3,QUHO,Y363-QUHO
Y364,3D6.001879B82C,QUHO,Y364-QUHO
Y365,3D6.001879B811,QUPE,Y365-QUPE
Y366,3D6.001879B7E0,QUPE,Y366-QUPE
Y367,3D6.001879B7F5,QUPE,Y367-QUPE
Y368,3D6.001879B80A,QUPE,Y368-QUPE
Y369,3D6.001879B7D6,QUPE,Y369-QUPE
Y370,3D6.001879B7DB,QUPE,Y370-QUPE
Y371,3D6.001879B824,QUPE,Y371-QUPE
Y372,3D6.001879B7FC,QUPE,Y372-QUPE
Y372,3DD.003C07F83C,QUHO,Y372-QUHO
Y372,3DD.003C07F83C,QUPE,Y372-QUPE
Y373,3D6.001879B7FE,QUPE,Y373-QUPE
Y374,3D6.001879B7CF,QUPE,Y374-QUPE
Y375,3D6.001879B7E2,QUPE,Y375-QUPE
Y376,3D6.001879B818,QUPE,Y376-QUPE
Y377,3D6.001879B7DE,TRMA,Y377-TRMA
Y378,3D6.001879B816,TRMA,Y378-TRMA
Y379,3D6.001879B7F6,TRMA,Y379-TRMA
Y474Y475,,AMPL,Y474Y475-AMPL
Y474Y475,,AMPL,Y474Y475-AMPL
Y662,3DD.003C00D681,QUPE,Y662-QUPE
Y663,3DD.003C00D6B8,QUPE,Y663-QUPE
Y664,3DD.003C00D69A,QUPE,Y664-QUPE
Y665,3DD.003C00D688,QUPE,Y665-QUPE
Y666,3DD.003C00D6A4,QUPE,Y666-QUPE
Y667,3DD.003C00D6BE,QUPE,Y667-QUPE
Y668,3DD.003C00D6B9,QUPE,Y668-QUPE
Y669,3DD.003C00D68B,QUPE,Y669-QUPE
Y670,3D6.00188BD605,QUPE,Y670-QUPE
Y671,3DD.003C00D6CC,QUHO,Y671-QUHO
Y672,3DD.003C00D6A6,QUHO,Y672-QUHO
Y673,3DD.003C00D6E0,QUHO,Y673-QUHO
Y674,3DD.003C00D6A2,QUHO,Y674-QUHO
Y675,3DD.003C00D6D1,QUHO,Y675-QUHO
Y676,3D6.00188BD614,QUPE,Y676-QUPE
Y677,3DD.003C00D6C6,QUHO,Y677-QUHO
Y678,3DD.003C00D6BF,QUHO,Y678-QUHO
Y679,3DD.003C00D68E,QUHO,Y679-QUHO
Y680,3DD.003C00D6DC,QUHO,Y680-QUHO
Y681,3DD.003C00D692,QUHO,Y681-QUHO
Y682,3DD.003C00D6D7,QUHO,Y682-QUHO
Y683,3DD.003C00D6CE,QUHO,Y683-QUHO
Y684,3D6.00188BD637,QUHO,Y684-QUHO
Y685,3DD.003C00D6B2,QUHO,Y685-QUHO
Y686,3DD.003C00D6BD,QUHO,Y686-QUHO
Y686,3DD.003C023100,QUHO,Y686-QUHO
Y687,3DD.003C00D6B1,QUHO,Y687-QUHO
Y688,3DD.003C00D6B0,QUHO,Y688-QUHO
Y689,3DD.003C00D6C9,QUHO,Y689-QUHO
Y690,3DD.003C00D6C4,QUHO,Y690-QUHO
Y691,3DD.003C00D6B7,QUHO,Y691-QUHO
Y692,3DD.003C00D6C3,QUHO,Y692-QUHO
Y693,3DD.003C00D6A8,QUHO,Y693-QUHO
Y694,3DD.003C00D6A5,QUHO,Y694-QUHO
Y695,3DD.003C00D6D6,QUHO,Y695-QUHO
Y696,3DD.003C00D6BA,QUHO,Y696-QUHO
Y697,3DD.003C00D6D3,QUHO,Y697-QUHO
Y701,,QUPE,Y701-QUPE
Y702,3DD.003C00D695,QUHO,Y702-QUHO
Y702,3D6.1D59306410,QUHO,Y702-QUHO
Y703,3DD.003C00D6C1,QUPE,Y703-QUPE
Y704,3DD.003C00D6AD,QUPE,Y704-QUPE
Y705,3DD.003C00D686,QUPE,Y705-QUPE
Y706,3D6.00188BD63E,QUPE,Y706-QUPE
Y707,3D6.00188BD62A,QUHO,Y707-QUHO
Y708,3D6.00188BD631,QUHO,Y708-QUHO
Y709,3D6.00188BD61A,QUHO,Y709-QUHO
Y725,3D6.00188BD5DD,QUHO,Y725-QUHO
Y726,3D6.00188BD626,QUHO,Y726-QUHO
Y727,3D6.00188BD5FA,QUHO,Y727-QUHO
Y728,3D6.00188BD5F3,QUHO,Y728-QUHO
Y736,3D6.001879B7FE,QUPE,Y736-QUPE
Y737,3D6.00188BD623,QUHO,Y737-QUHO
Y738,3D6.00188BD629,QUHO,Y738-QUHO
Y739,3D6.00188BD624,QUHO,Y739-QUHO
Y739,3DD.003C0230EC,QUHO,Y739-QUHO
Y740,3D6.00188BD5ED,QUHO,Y740-QUHO
Y741,3D6.00188BD62C,QUHO,Y741-QUHO
Y741,3D6.1D59306407,QUHO,Y741-QUHO
Y742,3D6.00188BD5F5,QUHO,Y742-QUHO
Y746,3D6.00188BD630,QUHO,Y746-QUHO
Y750,3D6.00188BD62D,QUHO,Y750-QUHO
Y751,3D6.00188BD636,QUHO,Y751-QUHO
Y752,3D6.00188BD618,QUHO,Y752-QUHO
Y753,3D6.00188BD5F4,QUHO,Y753-QUHO
Y754,3D6.00188BD5E9,QUHO,Y754-QUHO
Y755,3D6.00188BD63F,QUHO,Y755-QUHO
Y756,3D6.00188BD638,QUPE,Y756-QUPE
Y757,3D6.00188BD601,QUHO,Y757-QUHO
Y765,3D6.00188BD622,QUPE,Y765-QUPE
Y766,3D6.00188BD639,TRMA,Y766-TRMA
Y767,3D6.00188BD628,QUHO,Y767-QUHO
Y768,3D6.00188BD610,QUHO,Y768-QUHO
Y769,3D6.00188BD612,QUHO,Y769-QUHO
Y770,3D6.00188BD633,QUHO,Y770-QUHO
Y771,3D6.00188BD625,QUHO,Y771-QUHO
Y772,3D6.00188BD62B,QUHO,Y772-QUHO
Y773,3D6.00188BD5FB,QUHO,Y773-QUHO
Y774,3D6.00188BD5E3,QUHO,Y774-QUHO
Y775,3D6.00188BD5DE,QUPE,Y775-QUPE
Y776,3D6.00188BD63D,QUHO,Y776-QUHO
Y777,3D6.00188BD63C,QUHO,Y777-QUHO
Y777,3D6.1D593063E5,QUHO,Y777-QUHO
Y778,3D6.00188BD5F7,QUHO,Y778-QUHO
Y779,3D6.00188BD613,QUHO,Y779-QUHO
Y781,3D6.00188BD602,QUPE,Y781-QUPE
Y782,3D6.00188BD5E2,QUHO,Y782-QUHO
Y783,3D6.00188BD621,QUHO,Y783-QUHO
Y786,3D6.00188BD627,QUPE,Y786-QUPE
Y787,3D6.00188BD61D,QUHO,Y787-QUHO
Y788,3D6.00188BD60C,QUHO,Y788-QUHO
Y789,3D6.00188BD5EB,QUHO,Y789-QUHO
Y790,3D6.00188BD5F8,QUHO,Y790-QUHO
Y800,3DD.003C00D6BB,QUPE,Y800-QUPE
Y801,3DD.003C00D6B4,TRMA,Y801-TRMA
Y802,3DD.003C00D6A7,TRMA,Y802-TRMA
Y803,3DD.003C00D6CD,QUHO,Y803-QUHO
Y804,3DD.003C00D68C,QUHO,Y804-QUHO
Y805,3DD.003C00D6DE,QUPE,Y805-QUPE
Y806,3DD.003C00D6C0,QUHO,Y806-QUHO
Y807,3DD.003C00D6D0,QUHO,Y807-QUHO
Y808,3DD.003C00D6DD,QUHO,Y808-QUHO
Y809,3DD.003C00D698,QUHO,Y809-QUHO
Y810,3D6.00188BD60E,QUHO,Y810-QUHO
Y811,3DD.003C00D6CB,QUHO,Y811-QUHO
Y812,3DD.003C00D664,QUHO,Y812-QUHO
Y813,3DD.003C00D680,QUPE,Y813-QUPE
Y814,3DD.003C00D6DB,QUHO,Y814-QUHO
Y815,3DD.003C00D67F,QUHO,Y815-QUHO
Y816,3DD.003C00D6A1,QUHO,Y816-QUHO
Y817,3DD.003C00D67D,QUHO,Y817-QUHO
Y818,3DD.003C00D6C2,QUPE,Y818-QUPE
Y819,3DD.003C00D696,QUHO,Y819-QUHO
Y820,3DD.003C00D682,QUHO,Y820-QUHO
Y821,3DD.003C00D697,,Y821-
Y822,3DD.003C00D6CF,QUHO,Y822-QUHO
Y823,3DD.003C00D69E,QUHO,Y823-QUHO
Y824,3DD.003C00D6AB,QUHO,Y824-QUHO
Y825,3DD.003C00D6C7,QUHO,Y825-QUHO
Y826,3DD.003C00D684,QUHO,Y826-QUHO
Y827,3DD.003C00D689,QUHO,Y827-QUHO
Y828,3DD.003C00D6A9,QUHO,Y828-QUHO
Y829,3DD.003C00D690,QUHO,Y829-QUHO
Y830,3DD.003C00D691,QUHO,Y830-QUHO
Y831,3DD.003C00D69F,QUHO,Y831-QUHO
Y832,3DD.003C00D6AC,QUHO,Y832-QUHO
Y833,3DD.003C00D683,QUHO,Y833-QUHO
Y834,3DD.003C00D6D4,QUHO,Y834-QUHO
Y835,3DD.003C00D6B5,QUHO,Y835-QUHO
Y835,3D6.1D593063F4,QUHO,Y835-QUHO
Y835,3D6.1D593063FA,QUHO,Y835-QUHO
Y835,3D6.1D59584EBA,QUHO,Y835-QUHO
Y836,3DD.003C00D6B3,QUHO,Y836-QUHO
Y837,3DD.003C00D6D9,QUHO,Y837-QUHO
Y838,3DD.003C00D699,QUHO,Y838-QUHO
Y839,3DD.003C00D6A3,QUHO,Y839-QUHO
Y840,3DD.003C00D6B6,QUHO,Y840-QUHO
Y857,3DD.003C00D685,QUPE,Y857-QUPE
Y858,3DD.003C00D6D5,QUHO,Y858-QUHO
Y859,3DD.003C00D6DA,QUHO,Y859-QUHO
Y860,3DD.003C00D6CA,QUHO,Y860-QUHO
Y861,3D6.00188BD617,QUHO,Y861-QUHO
Y862,3D6.00188BD62E,QUHO,Y862-QUHO
Y864,3D6.00188BD5FE,QUPE,Y864-QUPE
Y865,3D6.00188BD608,TRMA,Y865-TRMA
Y866,3D6.00188BD620,QUPE,Y866-QUPE
Y866,3DD.003C023101,QUPE,Y866-QUPE
Y868,3D6.00188BD5F6,QUHO,Y868-QUHO
Y869,3D6.00188BD5E5,QUHO,Y869-QUHO
Y869,3D6.1D593063FC,QUHO,Y869-QUHO
Y870,3DD.003C00D6AA,QUHO,Y870-QUHO
Y872,3D6.00188BD5E0,QUHO,Y872-QUHO
Y874,3D6.00188BD600,QUPE,Y874-QUPE
Y876,3D6.00188BD619,TRMA,Y876-TRMA
Y878,3D6.00188BD634,TRMA,Y878-TRMA
Y879,3D6.00188BD61B,QUPE,Y879-QUPE
Y879,3D6.1D5930640A,QUPE,Y879-QUPE
Y887,3DD.003C00D6D8,QUPE,Y887-QUPE
Y888,3D6.00188BD606,QUHO,Y888-QUHO
Y888,3DD.003C07F866,QUHO,Y888-QUHO
Y889,3D6.00188BD5FD,QUHO,Y889-QUHO
Y890,3D6.00188BD635,QUHO,Y890-QUHO
Y891,3D6.00188BD5E7,QUHO,Y891-QUHO
Y892,3D6.00188BD5EC,QUHO,Y892-QUHO
Y893,3D6.00188BD60D,QUHO,Y893-QUHO
Y894,3D6.00188BD609,QUHO,Y894-QUHO
Y895,3D6.00188BD616,QUPE,Y895-QUPE
Y897,3D6.00188BD607,QUHO,Y897-QUHO
Y898,3D6.00188BD5E6,QUHO,Y898-QUHO
Y899,3D6.00188BD5EA,QUHO,Y899-QUHO
Y913Y922,,AMPL,Y913Y922-AMPL
Y921,3D6.1D59306404,QUPE,Y921-QUPE
Y992,3DD.003C00D6D2,QUPE,Y992-QUPE
Y993,3DD.003C00D68D,QUPE,Y993-QUPE
Y994,3DD.003C00D69B,QUPE,Y994-QUPE
Y995,3DD.003C00D69D,QUPE,Y995-QUPE
Y996,3DD.003C00D693,QUPE,Y996-QUPE
Y997,3DD.003C00D6DF,QUPE,Y997-QUPE
Y998,3DD.003C00D6C5,QUPE,Y998-QUPE
Y999,3DD.003C00D687,QUPE,Y999-QUPE
Z,,AMPL,Z-AMPL
